,SpecialOfferID,Description,DiscountPct,Type,Category,StartDate,EndDate,MinQty,MaxQty,ModifiedDate
0,1,No Discount,0.0,No Discount,No Discount,2011-05-01,2014-11-30,0,,2011-04-01
1,2,Volume Discount 11 to 14,0.02,Volume Discount,Reseller,2011-05-31,2014-05-30,11,14.0,2011-05-01
2,3,Volume Discount 15 to 24,0.05,Volume Discount,Reseller,2011-05-31,2014-05-30,15,24.0,2011-05-01
3,4,Volume Discount 25 to 40,0.1,Volume Discount,Reseller,2011-05-31,2014-05-30,25,40.0,2011-05-01
4,5,Volume Discount 41 to 60,0.15,Volume Discount,Reseller,2011-05-31,2014-05-30,41,60.0,2011-05-01
5,6,Volume Discount over 60,0.2,Volume Discount,Reseller,2011-05-31,2014-05-30,61,,2011-05-01
6,7,Mountain-100 Clearance Sale,0.35,Discontinued Product,Reseller,2012-04-13,2012-05-29,0,,2012-03-14
7,8,Sport Helmet Discount-2002,0.1,Seasonal Discount,Reseller,2012-05-30,2012-06-29,0,,2012-04-30
8,9,Road-650 Overstock,0.3,Excess Inventory,Reseller,2012-05-30,2012-07-30,0,,2012-04-30
9,10,Mountain Tire Sale,0.5,Excess Inventory,Customer,2013-05-14,2013-07-29,0,,2013-04-14
10,11,Sport Helmet Discount-2003,0.15,Seasonal Discount,Reseller,2013-05-30,2013-06-29,0,,2013-04-30
11,12,LL Road Frame Sale,0.35,Excess Inventory,Reseller,2013-05-30,2013-07-14,0,,2013-04-30
12,13,Touring-3000 Promotion,0.15,New Product,Reseller,2013-05-30,2013-08-29,0,,2013-04-30
13,14,Touring-1000 Promotion,0.2,New Product,Reseller,2013-05-30,2013-08-29,0,,2013-04-30
14,15,Half-Price Pedal Sale,0.5,Seasonal Discount,Customer,2013-07-14,2013-08-14,0,,2013-06-14
15,16,Mountain-500 Silver Clearance Sale,0.4,Discontinued Product,Reseller,2014-03-31,2014-05-30,0,,2014-03-01
